match_fifa_id,datetime,matchnum,group_name,stadium,city,teams_info,status,score_text,reasonwin,teamHomeId,urlHome,teamHome,shortHomeTeam,teamAwayId,urlAway,teamAway,shortAwayTeam,goalsHomeTeam,goalsAwayTeam,extraTimeHomeGoals,extraTimeAwayGoals,penaltyShootoutHomeGoals,penaltyShootoutAwayGoals,tournament,date,time
97410001,2006-06-09T18:00Z,Match 1,Group A,"FIFA World Cup Stadium, Munich",Munich,,Full-time,4-2,,43948,img.fifa.com/images/flags/4/ger.png,Germany,GER,43901,img.fifa.com/images/flags/4/crc.png,Costa Rica,CRC,4,2,,,,,germany2006,2006-06-09 00:00:00,18:00
97410002,2006-06-09T21:00Z,Match 2,Group A,"FIFA World Cup Stadium, Gelsenkirchen",Gelsenkirchen,,Full-time,0-2,,43962,img.fifa.com/images/flags/4/pol.png,Poland,POL,43927,img.fifa.com/images/flags/4/ecu.png,Ecuador,ECU,0,2,,,,,germany2006,2006-06-09 00:00:00,21:00
97410003,2006-06-10T15:00Z,Match 3,Group B,"FIFA World Cup Stadium, Frankfurt",Frankfurt/Main,,Full-time,1-0,,43942,img.fifa.com/images/flags/4/eng.png,England,ENG,43928,img.fifa.com/images/flags/4/par.png,Paraguay,PAR,1,0,,,,,germany2006,2006-06-10 00:00:00,15:00
97410004,2006-06-10T18:00Z,Match 4,Group B,"FIFA World Cup Stadium, Dortmund",Dortmund,,Full-time,0-0,,43920,img.fifa.com/images/flags/4/tri.png,Sweden,SWE,<div clas,,,,0,0,,,,,germany2006,2006-06-10 00:00:00,18:00
97410005,2006-06-10T21:00Z,Match 5,Group C,"FIFA World Cup Stadium, Hamburg",Hamburg,,Full-time,2-1,,43922,img.fifa.com/images/flags/4/arg.png,Argentina,ARG,43854,img.fifa.com/images/flags/4/civ.png,CÃ´te d'Ivoire,CIV,2,1,,,,,germany2006,2006-06-10 00:00:00,21:00
97410006,2006-06-11T15:00Z,Match 6,Group C,Zentralstadion,Leipzig,,Full-time,0-1,,1890244,img.fifa.com/images/flags/4/scg.png,Netherlands,NED,<div clas,,,,0,1,,,,,germany2006,2006-06-11 00:00:00,15:00
97410007,2006-06-11T18:00Z,Match 7,Group D,Franken-Stadion,Nuremberg,,Full-time,3-1,,43911,img.fifa.com/images/flags/4/mex.png,Mexico,MEX,43817,img.fifa.com/images/flags/4/irn.png,IR Iran,IRN,3,1,,,,,germany2006,2006-06-11 00:00:00,18:00
97410008,2006-06-11T21:00Z,Match 8,Group D,"FIFA World Cup Stadium, Cologne",Cologne,,Full-time,0-1,,43844,img.fifa.com/images/flags/4/ang.png,Angola,ANG,43963,img.fifa.com/images/flags/4/por.png,Portugal,POR,0,1,,,,,germany2006,2006-06-11 00:00:00,21:00
97410012,2006-06-12T15:00Z,Match 12,Group F,Fritz-Walter-Stadion,Kaiserslautern,,Full-time,3-1,,43976,img.fifa.com/images/flags/4/aus.png,Australia,AUS,43819,img.fifa.com/images/flags/4/jpn.png,Japan,JPN,3,1,,,,,germany2006,2006-06-12 00:00:00,15:00
97410010,2006-06-12T18:00Z,Match 10,Group E,"FIFA World Cup Stadium, Gelsenkirchen",Gelsenkirchen,,Full-time,0-3,,43921,img.fifa.com/images/flags/4/usa.png,USA,USA,43995,img.fifa.com/images/flags/4/cze.png,Czech Republic,CZE,0,3,,,,,germany2006,2006-06-12 00:00:00,18:00
97410009,2006-06-12T21:00Z,Match 9,Group E,"FIFA World Cup Stadium, Hanover",Hanover,,Full-time,2-0,,43954,img.fifa.com/images/flags/4/ita.png,Italy,ITA,43860,img.fifa.com/images/flags/4/gha.png,Ghana,GHA,2,0,,,,,germany2006,2006-06-12 00:00:00,21:00
97410014,2006-06-13T15:00Z,Match 14,Group G,"FIFA World Cup Stadium, Frankfurt",Frankfurt/Main,,Full-time,2-1,,43822,img.fifa.com/images/flags/4/kor.png,Korea Republic,KOR,43887,img.fifa.com/images/flags/4/tog.png,Togo,TOG,2,1,,,,,germany2006,2006-06-13 00:00:00,15:00
97410013,2006-06-13T18:00Z,Match 13,Group G,Gottlieb-Daimler-Stadion,Stuttgart,,Full-time,0-0,,43946,img.fifa.com/images/flags/4/fra.png,France,FRA,43971,img.fifa.com/images/flags/4/sui.png,Switzerland,SUI,0,0,,,,,germany2006,2006-06-13 00:00:00,18:00
97410011,2006-06-13T21:00Z,Match 11,Group F,Olympiastadion,Berlin,,Full-time,1-0,,43924,img.fifa.com/images/flags/4/bra.png,Brazil,BRA,43938,img.fifa.com/images/flags/4/cro.png,Croatia,CRO,1,0,,,,,germany2006,2006-06-13 00:00:00,21:00
97410015,2006-06-14T15:00Z,Match 15,Group H,Zentralstadion,Leipzig,,Full-time,4-0,,43969,img.fifa.com/images/flags/4/esp.png,Spain,ESP,43973,img.fifa.com/images/flags/4/ukr.png,Ukraine,UKR,4,0,,,,,germany2006,2006-06-14 00:00:00,15:00
97410016,2006-06-14T18:00Z,Match 16,Group H,"FIFA World Cup Stadium, Munich",Munich,,Full-time,2-2,,43888,img.fifa.com/images/flags/4/tun.png,Tunisia,TUN,43835,img.fifa.com/images/flags/4/ksa.png,Saudi Arabia,KSA,2,2,,,,,germany2006,2006-06-14 00:00:00,18:00
97410017,2006-06-14T21:00Z,Match 17,Group A,"FIFA World Cup Stadium, Dortmund",Dortmund,,Full-time,1-0,,43948,img.fifa.com/images/flags/4/ger.png,Germany,GER,43962,img.fifa.com/images/flags/4/pol.png,Poland,POL,1,0,,,,,germany2006,2006-06-14 00:00:00,21:00
97410018,2006-06-15T15:00Z,Match 18,Group A,"FIFA World Cup Stadium, Hamburg",Hamburg,,Full-time,3-0,,43927,img.fifa.com/images/flags/4/ecu.png,Ecuador,ECU,43901,img.fifa.com/images/flags/4/crc.png,Costa Rica,CRC,3,0,,,,,germany2006,2006-06-15 00:00:00,15:00
97410019,2006-06-15T18:00Z,Match 19,Group B,Franken-Stadion,Nuremberg,,Full-time,2-0,,43942,img.fifa.com/images/flags/4/eng.png,England,ENG,43920,img.fifa.com/images/flags/4/tri.png,"ags/4/tri.png"" alt=""Trinidad and Tobago"" title=""Trinidad and Tobago"" class=""TRI i-4-flag flag"" />",TRI,2,0,,,,,germany2006,2006-06-15 00:00:00,18:00
97410020,2006-06-15T21:00Z,Match 20,Group B,Olympiastadion,Berlin,,Full-time,1-0,,43970,img.fifa.com/images/flags/4/swe.png,Sweden,SWE,43928,img.fifa.com/images/flags/4/par.png,Paraguay,PAR,1,0,,,,,germany2006,2006-06-15 00:00:00,21:00
97410021,2006-06-16T15:00Z,Match 21,Group C,"FIFA World Cup Stadium, Gelsenkirchen",Gelsenkirchen,,Full-time,6-0,,43922,img.fifa.com/images/flags/4/arg.png,Argentina,ARG,1890244,img.fifa.com/images/flags/4/scg.png,"ags/4/scg.png"" alt=""Serbia and Montenegro"" title=""Serbia and Montenegro"" class=""SCG i-4-flag flag"" />",SCG,6,0,,,,,germany2006,2006-06-16 00:00:00,15:00
97410022,2006-06-16T18:00Z,Match 22,Group C,Gottlieb-Daimler-Stadion,Stuttgart,,Full-time,2-1,,43960,img.fifa.com/images/flags/4/ned.png,Netherlands,NED,43854,img.fifa.com/images/flags/4/civ.png,CÃ´te d'Ivoire,CIV,2,1,,,,,germany2006,2006-06-16 00:00:00,18:00
97410023,2006-06-16T21:00Z,Match 23,Group D,"FIFA World Cup Stadium, Hanover",Hanover,,Full-time,0-0,,43911,img.fifa.com/images/flags/4/mex.png,Mexico,MEX,43844,img.fifa.com/images/flags/4/ang.png,Angola,ANG,0,0,,,,,germany2006,2006-06-16 00:00:00,21:00
97410024,2006-06-17T15:00Z,Match 24,Group D,"FIFA World Cup Stadium, Frankfurt",Frankfurt/Main,,Full-time,2-0,,43963,img.fifa.com/images/flags/4/por.png,Portugal,POR,43817,img.fifa.com/images/flags/4/irn.png,IR Iran,IRN,2,0,,,,,germany2006,2006-06-17 00:00:00,15:00
97410026,2006-06-17T18:00Z,Match 26,Group E,"FIFA World Cup Stadium, Cologne",Cologne,,Full-time,0-2,,43995,img.fifa.com/images/flags/4/cze.png,Czech Republic,CZE,43860,img.fifa.com/images/flags/4/gha.png,Ghana,GHA,0,2,,,,,germany2006,2006-06-17 00:00:00,18:00
97410025,2006-06-17T21:00Z,Match 25,Group E,Fritz-Walter-Stadion,Kaiserslautern,,Full-time,1-1,,43954,img.fifa.com/images/flags/4/ita.png,Italy,ITA,43921,img.fifa.com/images/flags/4/usa.png,USA,USA,1,1,,,,,germany2006,2006-06-17 00:00:00,21:00
97410028,2006-06-18T15:00Z,Match 28,Group F,Franken-Stadion,Nuremberg,,Full-time,0-0,,43819,img.fifa.com/images/flags/4/jpn.png,Japan,JPN,43938,img.fifa.com/images/flags/4/cro.png,Croatia,CRO,0,0,,,,,germany2006,2006-06-18 00:00:00,15:00
97410027,2006-06-18T18:00Z,Match 27,Group F,"FIFA World Cup Stadium, Munich",Munich,,Full-time,2-0,,43924,img.fifa.com/images/flags/4/bra.png,Brazil,BRA,43976,img.fifa.com/images/flags/4/aus.png,Australia,AUS,2,0,,,,,germany2006,2006-06-18 00:00:00,18:00
97410029,2006-06-18T21:00Z,Match 29,Group G,Zentralstadion,Leipzig,,Full-time,1-1,,43946,img.fifa.com/images/flags/4/fra.png,France,FRA,43822,img.fifa.com/images/flags/4/kor.png,Korea Republic,KOR,1,1,,,,,germany2006,2006-06-18 00:00:00,21:00
97410030,2006-06-19T15:00Z,Match 30,Group G,"FIFA World Cup Stadium, Dortmund",Dortmund,,Full-time,0-2,,43887,img.fifa.com/images/flags/4/tog.png,Togo,TOG,43971,img.fifa.com/images/flags/4/sui.png,Switzerland,SUI,0,2,,,,,germany2006,2006-06-19 00:00:00,15:00
97410032,2006-06-19T18:00Z,Match 32,Group H,"FIFA World Cup Stadium, Hamburg",Hamburg,,Full-time,0-4,,43835,img.fifa.com/images/flags/4/ksa.png,Saudi Arabia,KSA,43973,img.fifa.com/images/flags/4/ukr.png,Ukraine,UKR,0,4,,,,,germany2006,2006-06-19 00:00:00,18:00
97410031,2006-06-19T21:00Z,Match 31,Group H,Gottlieb-Daimler-Stadion,Stuttgart,,Full-time,3-1,,43969,img.fifa.com/images/flags/4/esp.png,Spain,ESP,43888,img.fifa.com/images/flags/4/tun.png,Tunisia,TUN,3,1,,,,,germany2006,2006-06-19 00:00:00,21:00
97410033,2006-06-20T16:00Z,Match 33,Group A,Olympiastadion,Berlin,,Full-time,0-3,,43927,img.fifa.com/images/flags/4/ecu.png,Ecuador,ECU,43948,img.fifa.com/images/flags/4/ger.png,Germany,GER,0,3,,,,,germany2006,2006-06-20 00:00:00,16:00
97410034,2006-06-20T16:00Z,Match 34,Group A,"FIFA World Cup Stadium, Hanover",Hanover,,Full-time,1-2,,43901,img.fifa.com/images/flags/4/crc.png,Costa Rica,CRC,43962,img.fifa.com/images/flags/4/pol.png,Poland,POL,1,2,,,,,germany2006,2006-06-20 00:00:00,16:00
97410035,2006-06-20T21:00Z,Match 35,Group B,"FIFA World Cup Stadium, Cologne",Cologne,,Full-time,2-2,,43970,img.fifa.com/images/flags/4/swe.png,Sweden,SWE,43942,img.fifa.com/images/flags/4/eng.png,England,ENG,2,2,,,,,germany2006,2006-06-20 00:00:00,21:00
97410036,2006-06-20T21:00Z,Match 36,Group B,Fritz-Walter-Stadion,Kaiserslautern,,Full-time,2-0,,43928,img.fifa.com/images/flags/4/par.png,Paraguay,PAR,43920,img.fifa.com/images/flags/4/tri.png,"ags/4/tri.png"" alt=""Trinidad and Tobago"" title=""Trinidad and Tobago"" class=""TRI i-4-flag flag"" />",TRI,2,0,,,,,germany2006,2006-06-20 00:00:00,21:00
97410040,2006-06-21T16:00Z,Match 40,Group D,Zentralstadion,Leipzig,,Full-time,1-1,,43817,img.fifa.com/images/flags/4/irn.png,Iran,IRN,43844,img.fifa.com/images/flags/4/ang.png,Angola,ANG,1,1,,,,,germany2006,2006-06-21 00:00:00,16:00
97410039,2006-06-21T16:00Z,Match 39,Group D,"FIFA World Cup Stadium, Gelsenkirchen",Gelsenkirchen,,Full-time,2-1,,43963,img.fifa.com/images/flags/4/por.png,Portugal,POR,43911,img.fifa.com/images/flags/4/mex.png,Mexico,MEX,2,1,,,,,germany2006,2006-06-21 00:00:00,16:00
97410037,2006-06-21T21:00Z,Match 37,Group C,"FIFA World Cup Stadium, Frankfurt",Frankfurt/Main,,Full-time,0-0,,43960,img.fifa.com/images/flags/4/ned.png,Netherlands,NED,43922,img.fifa.com/images/flags/4/arg.png,Argentina,ARG,0,0,,,,,germany2006,2006-06-21 00:00:00,21:00
97410038,2006-06-21T21:00Z,Match 38,Group C,"FIFA World Cup Stadium, Munich",Munich,,Full-time,3-2,,43854,img.fifa.com/images/flags/4/civ.png,CÃ´te d'Ivoire,CIV,1890244,img.fifa.com/images/flags/4/scg.png,"ags/4/scg.png"" alt=""Serbia and Montenegro"" title=""Serbia and Montenegro"" class=""SCG i-4-flag flag"" />",SCG,3,2,,,,,germany2006,2006-06-21 00:00:00,21:00
97410041,2006-06-22T16:00Z,Match 41,Group E,"FIFA World Cup Stadium, Hamburg",Hamburg,,Full-time,0-2,,43995,img.fifa.com/images/flags/4/cze.png,Czech Republic,CZE,43954,img.fifa.com/images/flags/4/ita.png,Italy,ITA,0,2,,,,,germany2006,2006-06-22 00:00:00,16:00
97410042,2006-06-22T16:00Z,Match 42,Group E,Franken-Stadion,Nuremberg,,Full-time,2-1,,43860,img.fifa.com/images/flags/4/gha.png,Ghana,GHA,43921,img.fifa.com/images/flags/4/usa.png,USA,USA,2,1,,,,,germany2006,2006-06-22 00:00:00,16:00
97410043,2006-06-22T21:00Z,Match 43,Group F,"FIFA World Cup Stadium, Dortmund",Dortmund,,Full-time,1-4,,43819,img.fifa.com/images/flags/4/jpn.png,Japan,JPN,43924,img.fifa.com/images/flags/4/bra.png,Brazil,BRA,1,4,,,,,germany2006,2006-06-22 00:00:00,21:00
97410044,2006-06-22T21:00Z,Match 44,Group F,Gottlieb-Daimler-Stadion,Stuttgart,,Full-time,2-2,,43938,img.fifa.com/images/flags/4/cro.png,Croatia,CRO,43976,img.fifa.com/images/flags/4/aus.png,Australia,AUS,2,2,,,,,germany2006,2006-06-22 00:00:00,21:00
97410048,2006-06-23T16:00Z,Match 48,Group H,Olympiastadion,Berlin,,Full-time,1-0,,43973,img.fifa.com/images/flags/4/ukr.png,Ukraine,UKR,43888,img.fifa.com/images/flags/4/tun.png,Tunisia,TUN,1,0,,,,,germany2006,2006-06-23 00:00:00,16:00
97410047,2006-06-23T16:00Z,Match 47,Group H,Fritz-Walter-Stadion,Kaiserslautern,,Full-time,0-1,,43835,img.fifa.com/images/flags/4/ksa.png,Saudi Arabia,KSA,43969,img.fifa.com/images/flags/4/esp.png,Spain,ESP,0,1,,,,,germany2006,2006-06-23 00:00:00,16:00
97410045,2006-06-23T21:00Z,Match 45,Group G,"FIFA World Cup Stadium, Cologne",Cologne,,Full-time,0-2,,43887,img.fifa.com/images/flags/4/tog.png,Togo,TOG,43946,img.fifa.com/images/flags/4/fra.png,France,FRA,0,2,,,,,germany2006,2006-06-23 00:00:00,21:00
97410046,2006-06-23T21:00Z,Match 46,Group G,"FIFA World Cup Stadium, Hanover",Hanover,,Full-time,2-0,,43971,img.fifa.com/images/flags/4/sui.png,Switzerland,SUI,43822,img.fifa.com/images/flags/4/kor.png,Korea Republic,KOR,2,0,,,,,germany2006,2006-06-23 00:00:00,21:00
97410049,2006-06-24T17:00Z,Match 49,Round of 16,"FIFA World Cup Stadium, Munich",Munich,,Full-time,2-0,,43948,img.fifa.com/images/flags/4/ger.png,Germany,GER,43970,img.fifa.com/images/flags/4/swe.png,Sweden,SWE,2,0,,,,,germany2006,2006-06-24 00:00:00,17:00
97410050,2006-06-24T21:00Z,Match 50,Round of 16,Zentralstadion,Leipzig,,Full-time,2-1,Argentina win after extra time,43922,img.fifa.com/images/flags/4/arg.png,Argentina,ARG,43911,img.fifa.com/images/flags/4/mex.png,Mexico,MEX,2,1,2,1,,,germany2006,2006-06-24 00:00:00,21:00
97410051,2006-06-25T17:00Z,Match 51,Round of 16,Gottlieb-Daimler-Stadion,Stuttgart,,Full-time,1-0,,43942,img.fifa.com/images/flags/4/eng.png,England,ENG,43927,img.fifa.com/images/flags/4/ecu.png,Ecuador,ECU,1,0,,,,,germany2006,2006-06-25 00:00:00,17:00
97410052,2006-06-25T21:00Z,Match 52,Round of 16,Franken-Stadion,Nuremberg,,Full-time,1-0,,43963,img.fifa.com/images/flags/4/por.png,Portugal,POR,43960,img.fifa.com/images/flags/4/ned.png,Netherlands,NED,1,0,,,,,germany2006,2006-06-25 00:00:00,21:00
97410053,2006-06-26T17:00Z,Match 53,Round of 16,Fritz-Walter-Stadion,Kaiserslautern,,Full-time,1-0,,43954,img.fifa.com/images/flags/4/ita.png,Italy,ITA,43976,img.fifa.com/images/flags/4/aus.png,Australia,AUS,1,0,,,,,germany2006,2006-06-26 00:00:00,17:00
97410054,2006-06-26T21:00Z,Match 54,Round of 16,"FIFA World Cup Stadium, Cologne",Cologne,,Full-time,0-0,Ukraine win on penalties (0 - 3),43971,img.fifa.com/images/flags/4/sui.png,Switzerland,SUI,43973,img.fifa.com/images/flags/4/ukr.png,Ukraine,UKR,0,0,,,0,3,germany2006,2006-06-26 00:00:00,21:00
97410055,2006-06-27T17:00Z,Match 55,Round of 16,"FIFA World Cup Stadium, Dortmund",Dortmund,,Full-time,3-0,,43924,img.fifa.com/images/flags/4/bra.png,Brazil,BRA,43860,img.fifa.com/images/flags/4/gha.png,Ghana,GHA,3,0,,,,,germany2006,2006-06-27 00:00:00,17:00
97410056,2006-06-27T21:00Z,Match 56,Round of 16,"FIFA World Cup Stadium, Hanover",Hanover,,Full-time,1-3,,43969,img.fifa.com/images/flags/4/esp.png,Spain,ESP,43946,img.fifa.com/images/flags/4/fra.png,France,FRA,1,3,,,,,germany2006,2006-06-27 00:00:00,21:00
97410057,2006-06-30T17:00Z,Match 57,Quarter-finals,Olympiastadion,Berlin,,Full-time,1-1,Germany win on penalties (4 - 2),43948,img.fifa.com/images/flags/4/ger.png,Germany,GER,43922,img.fifa.com/images/flags/4/arg.png,Argentina,ARG,1,1,,,4,2,germany2006,2006-06-30 00:00:00,17:00
97410058,2006-06-30T21:00Z,Match 58,Quarter-finals,"FIFA World Cup Stadium, Hamburg",Hamburg,,Full-time,3-0,,43954,img.fifa.com/images/flags/4/ita.png,Italy,ITA,43973,img.fifa.com/images/flags/4/ukr.png,Ukraine,UKR,3,0,,,,,germany2006,2006-06-30 00:00:00,21:00
97410059,2006-07-01T17:00Z,Match 59,Quarter-finals,"FIFA World Cup Stadium, Gelsenkirchen",Gelsenkirchen,,Full-time,0-0,Portugal win on penalties (1 - 3),43942,img.fifa.com/images/flags/4/eng.png,England,ENG,43963,img.fifa.com/images/flags/4/por.png,Portugal,POR,0,0,,,1,3,germany2006,2006-07-01 00:00:00,17:00
97410060,2006-07-01T21:00Z,Match 60,Quarter-finals,"FIFA World Cup Stadium, Frankfurt",Frankfurt/Main,,Full-time,0-1,,43924,img.fifa.com/images/flags/4/bra.png,Brazil,BRA,43946,img.fifa.com/images/flags/4/fra.png,France,FRA,0,1,,,,,germany2006,2006-07-01 00:00:00,21:00
97410061,2006-07-04T21:00Z,Match 61,Semi-finals,"FIFA World Cup Stadium, Dortmund",Dortmund,,Full-time,0-2,Italy win after extra time,43948,img.fifa.com/images/flags/4/ger.png,Germany,GER,43954,img.fifa.com/images/flags/4/ita.png,Italy,ITA,0,2,0,2,,,germany2006,2006-07-04 00:00:00,21:00
97410062,2006-07-05T21:00Z,Match 62,Semi-finals,"FIFA World Cup Stadium, Munich",Munich,,Full-time,0-1,,43963,img.fifa.com/images/flags/4/por.png,Portugal,POR,43946,img.fifa.com/images/flags/4/fra.png,France,FRA,0,1,,,,,germany2006,2006-07-05 00:00:00,21:00
97410063,2006-07-08T21:00Z,Match 63,Third place,Gottlieb-Daimler-Stadion,Stuttgart,,Full-time,3-1,,43948,img.fifa.com/images/flags/4/ger.png,Germany,GER,43963,img.fifa.com/images/flags/4/por.png,Portugal,POR,3,1,,,,,germany2006,2006-07-08 00:00:00,21:00
97410064,2006-07-09T20:00Z,Match 64,Final,Olympiastadion,Berlin,,Full-time,1-1,Italy win on penalties (5 - 3),43954,img.fifa.com/images/flags/4/ita.png,Italy,ITA,43946,img.fifa.com/images/flags/4/fra.png,France,FRA,1,1,,,5,3,germany2006,2006-07-09 00:00:00,20:00
459,1986-05-31T12:00Z,Match 1,Group A,Estadio Azteca,Mexico City,,Full-time,1-1,,43936,img.fifa.com/images/flags/4/bul.png,Bulgaria,BUL,43954,img.fifa.com/images/flags/4/ita.png,Italy,ITA,1,1,,,,,mexico1986,1986-05-31 00:00:00,12:00
468,1986-06-01T16:00Z,Match 2,Group C,Nou Camp - Estadio LeÃ³n,Leon,,Full-time,0-1,,43899,img.fifa.com/images/flags/4/can.png,Canada,CAN,43946,img.fifa.com/images/flags/4/fra.png,France,FRA,0,1,,,,,mexico1986,1986-06-01 00:00:00,16:00
439,1986-06-01T12:00Z,Match 3,Group D,Jalisco,Guadalajara,,Full-time,0-1,,43969,img.fifa.com/images/flags/4/esp.png,Spain,ESP,43924,img.fifa.com/images/flags/4/bra.png,Brazil,BRA,0,1,,,,,mexico1986,1986-06-01 00:00:00,12:00
610,1986-06-02T12:00Z,Match 5,Group C,Estadio Irapuato,Irapuato,,Full-time,6-0,,44026,img.fifa.com/images/flags/4/urs.png,Soviet Union,URS,43950,img.fifa.com/images/flags/4/hun.png,Hungary,HUN,6,0,,,,,mexico1986,1986-06-02 00:00:00,12:00
395,1986-06-02T12:00Z,Match 4,Group A,Estadio OlÃ­mpico Universitario,Mexico City,,Full-time,3-1,,43922,img.fifa.com/images/flags/4/arg.png,Argentina,ARG,43822,img.fifa.com/images/flags/4/kor.png,Korea Republic,KOR,3,1,,,,,mexico1986,1986-06-02 00:00:00,12:00
674,1986-06-02T16:00Z,Match 6,Group F,Estadio Universitario,Monterrey,,Full-time,0-0,,43872,img.fifa.com/images/flags/4/mar.png,Morocco,MAR,43962,img.fifa.com/images/flags/4/pol.png,Poland,POL,0,0,,,,,mexico1986,1986-06-02 00:00:00,16:00
379,1986-06-03T12:00Z,Match 8,Group D,Tres de Marzo,Guadalajara,,Full-time,1-1,,43843,img.fifa.com/images/flags/4/alg.png,Algeria,ALG,43952,img.fifa.com/images/flags/4/nir.png,Northern Ireland,NIR,1,1,,,,,mexico1986,1986-06-03 00:00:00,12:00
428,1986-06-03T12:00Z,Match 7,Group B,Estadio Azteca,Mexico City,,Full-time,1-2,,43935,img.fifa.com/images/flags/4/bel.png,Belgium,BEL,43911,img.fifa.com/images/flags/4/mex.png,Mexico,MEX,1,2,,,,,mexico1986,1986-06-03 00:00:00,12:00
538,1986-06-03T16:00Z,Match 9,Group F,Tecnologico,Monterrey,,Full-time,1-0,,43963,img.fifa.com/images/flags/4/por.png,Portugal,POR,43942,img.fifa.com/images/flags/4/eng.png,England,ENG,1,0,,,,,mexico1986,1986-06-03 00:00:00,16:00
628,1986-06-04T12:00Z,Match 10,Group B,Bombonera - Estadio Nemesio Diez,Toluca,,Full-time,1-0,,43928,img.fifa.com/images/flags/4/par.png,Paraguay,PAR,43818,img.fifa.com/images/flags/4/irq.png,Iraq,IRQ,1,0,,,,,mexico1986,1986-06-04 00:00:00,12:00
517,1986-06-04T16:00Z,Match 12,Group E,Neza,Nezahualcoyotl,,Full-time,0-1,,43967,img.fifa.com/images/flags/4/sco.png,Scotland,SCO,43941,img.fifa.com/images/flags/4/den.png,Denmark,DEN,0,1,,,,,mexico1986,1986-06-04 00:00:00,16:00
585,1986-06-04T12:00Z,Match 11,Group E,Estadio Corregidora,Queretaro,,Full-time,1-1,,43930,img.fifa.com/images/flags/4/uru.png,Uruguay,URU,44023,img.fifa.com/images/flags/4/frg.png,Germany FR,FRG,1,1,,,,,mexico1986,1986-06-04 00:00:00,12:00
394,1986-06-05T12:00Z,Match 13,Group A,Cuauhtemoc,Puebla,,Full-time,1-1,,43954,img.fifa.com/images/flags/4/ita.png,Italy,ITA,43922,img.fifa.com/images/flags/4/arg.png,Argentina,ARG,1,1,,,,,mexico1986,1986-06-05 00:00:00,12:00
571,1986-06-05T12:00Z,Match 15,Group C,Nou Camp - Estadio LeÃ³n,Leon,,Full-time,1-1,,43946,img.fifa.com/images/flags/4/fra.png,France,FRA,44026,img.fifa.com/images/flags/4/urs.png,Soviet Union,URS,1,1,,,,,mexico1986,1986-06-05 00:00:00,12:00
460,1986-06-05T16:00Z,Match 14,Group A,Estadio OlÃ­mpico Universitario,Mexico City,,Full-time,1-1,,43822,img.fifa.com/images/flags/4/kor.png,Korea Republic,KOR,43936,img.fifa.com/images/flags/4/bul.png,Bulgaria,BUL,1,1,,,,,mexico1986,1986-06-05 00:00:00,16:00
475,1986-06-06T12:00Z,Match 16,Group C,Estadio Irapuato,Irapuato,,Full-time,2-0,,43950,img.fifa.com/images/flags/4/hun.png,Hungary,HUN,43899,img.fifa.com/images/flags/4/can.png,Canada,CAN,2,0,,,,,mexico1986,1986-06-06 00:00:00,12:00
377,1986-06-06T12:00Z,Match 17,Group D,Jalisco,Guadalajara,,Full-time,1-0,,43924,img.fifa.com/images/flags/4/bra.png,Brazil,BRA,43843,img.fifa.com/images/flags/4/alg.png,Algeria,ALG,1,0,,,,,mexico1986,1986-06-06 00:00:00,12:00
533,1986-06-06T16:00Z,Match 18,Group F,Tecnologico,Monterrey,,Full-time,0-0,,43942,img.fifa.com/images/flags/4/eng.png,England,ENG,43872,img.fifa.com/images/flags/4/mar.png,Morocco,MAR,0,0,,,,,mexico1986,1986-06-06 00:00:00,16:00
551,1986-06-07T12:00Z,Match 20,Group D,Tres de Marzo,Guadalajara,,Full-time,1-2,,43952,img.fifa.com/images/flags/4/nir.png,Northern Ireland,NIR,43969,img.fifa.com/images/flags/4/esp.png,Spain,ESP,1,2,,,,,mexico1986,1986-06-07 00:00:00,12:00
680,1986-06-07T12:00Z,Match 19,Group B,Estadio Azteca,Mexico City,,Full-time,1-1,,43911,img.fifa.com/images/flags/4/mex.png,Mexico,MEX,43928,img.fifa.com/images/flags/4/par.png,Paraguay,PAR,1,1,,,,,mexico1986,1986-06-07 00:00:00,12:00
701,1986-06-07T16:00Z,Match 21,Group F,Estadio Universitario,Monterrey,,Full-time,1-0,,43962,img.fifa.com/images/flags/4/pol.png,Poland,POL,43963,img.fifa.com/images/flags/4/por.png,Portugal,POR,1,0,,,,,mexico1986,1986-06-07 00:00:00,16:00
427,1986-06-08T12:00Z,Match 22,Group B,Bombonera - Estadio Nemesio Diez,Toluca,,Full-time,1-2,,43818,img.fifa.com/images/flags/4/irq.png,Iraq,IRQ,43935,img.fifa.com/images/flags/4/bel.png,Belgium,BEL,1,2,,,,,mexico1986,1986-06-08 00:00:00,12:00
522,1986-06-08T16:00Z,Match 24,Group E,Neza,Nezahualcoyotl,,Full-time,6-1,,43941,img.fifa.com/images/flags/4/den.png,Denmark,DEN,43930,img.fifa.com/images/flags/4/uru.png,Uruguay,URU,6,1,,,,,mexico1986,1986-06-08 00:00:00,16:00
580,1986-06-08T12:00Z,Match 23,Group E,Estadio Corregidora,Queretaro,,Full-time,2-1,,44023,img.fifa.com/images/flags/4/frg.png,Germany FR,FRG,43967,img.fifa.com/images/flags/4/sco.png,Scotland,SCO,2,1,,,,,mexico1986,1986-06-08 00:00:00,12:00
567,1986-06-09T12:00Z,Match 25,Group C,Nou Camp - Estadio LeÃ³n,Leon,,Full-time,0-3,,43950,img.fifa.com/images/flags/4/hun.png,Hungary,HUN,43946,img.fifa.com/images/flags/4/fra.png,France,FRA,0,3,,,,,mexico1986,1986-06-09 00:00:00,12:00
476,1986-06-09T12:00Z,Match 26,Group C,Estadio Irapuato,Irapuato,,Full-time,2-0,,44026,img.fifa.com/images/flags/4/urs.png,Soviet Union,URS,43899,img.fifa.com/images/flags/4/can.png,Canada,CAN,2,0,,,,,mexico1986,1986-06-09 00:00:00,12:00
643,1986-06-10T12:00Z,Match 27,Group A,Cuauhtemoc,Puebla,,Full-time,2-3,,43822,img.fifa.com/images/flags/4/kor.png,Korea Republic,KOR,43954,img.fifa.com/images/flags/4/ita.png,Italy,ITA,2,3,,,,,mexico1986,1986-06-10 00:00:00,12:00
389,1986-06-10T12:00Z,Match 28,Group A,Estadio OlÃ­mpico Universitario,Mexico City,,Full-time,2-0,,43922,img.fifa.com/images/flags/4/arg.png,Argentina,ARG,43936,img.fifa.com/images/flags/4/bul.png,Bulgaria,BUL,2,0,,,,,mexico1986,1986-06-10 00:00:00,12:00
429,1986-06-11T12:00Z,Match 30,Group B,Bombonera - Estadio Nemesio Diez,Toluca,,Full-time,2-2,,43928,img.fifa.com/images/flags/4/par.png,Paraguay,PAR,43935,img.fifa.com/images/flags/4/bel.png,Belgium,BEL,2,2,,,,,mexico1986,1986-06-11 00:00:00,12:00
627,1986-06-11T12:00Z,Match 29,Group B,Estadio Azteca,Mexico City,,Full-time,0-1,,43818,img.fifa.com/images/flags/4/irq.png,Iraq,IRQ,43911,img.fifa.com/images/flags/4/mex.png,Mexico,MEX,0,1,,,,,mexico1986,1986-06-11 00:00:00,12:00
675,1986-06-11T16:00Z,Match 31,Group F,Tres de Marzo,Guadalajara,,Full-time,1-3,,43963,img.fifa.com/images/flags/4/por.png,Portugal,POR,43872,img.fifa.com/images/flags/4/mar.png,Morocco,MAR,1,3,,,,,mexico1986,1986-06-11 00:00:00,16:00
537,1986-06-11T16:00Z,Match 32,Group F,Tecnologico,Monterrey,,Full-time,3-0,,43942,img.fifa.com/images/flags/4/eng.png,England,ENG,43962,img.fifa.com/images/flags/4/pol.png,Poland,POL,3,0,,,,,mexico1986,1986-06-11 00:00:00,16:00
441,1986-06-12T12:00Z,Match 33,Group D,Jalisco,Guadalajara,,Full-time,0-3,,43952,img.fifa.com/images/flags/4/nir.png,Northern Ireland,NIR,43924,img.fifa.com/images/flags/4/bra.png,Brazil,BRA,0,3,,,,,mexico1986,1986-06-12 00:00:00,12:00
378,1986-06-12T12:00Z,Match 34,Group D,Tecnologico,Monterrey,,Full-time,0-3,,43843,img.fifa.com/images/flags/4/alg.png,Algeria,ALG,43969,img.fifa.com/images/flags/4/esp.png,Spain,ESP,0,3,,,,,mexico1986,1986-06-12 00:00:00,12:00
712,1986-06-13T12:00Z,Match 36,Group E,Neza,Nezahualcoyotl,,Full-time,0-0,,43967,img.fifa.com/images/flags/4/sco.png,Scotland,SCO,43930,img.fifa.com/images/flags/4/uru.png,Uruguay,URU,0,0,,,,,mexico1986,1986-06-13 00:00:00,12:00
512,1986-06-13T12:00Z,Match 35,Group E,Estadio Corregidora,Queretaro,,Full-time,2-0,,43941,img.fifa.com/images/flags/4/den.png,Denmark,DEN,44023,img.fifa.com/images/flags/4/frg.png,Germany FR,FRG,2,0,,,,,mexico1986,1986-06-13 00:00:00,12:00
432,1986-06-15T16:00Z,Match 38,Round of 16,Nou Camp - Estadio LeÃ³n,Leon,,Full-time,3-4,Belgium win after extra time,44026,img.fifa.com/images/flags/4/urs.png,Soviet Union,URS,43935,img.fifa.com/images/flags/4/bel.png,Belgium,BEL,3,4,3,4,,,mexico1986,1986-06-15 00:00:00,16:00
463,1986-06-15T12:00Z,Match 37,Round of 16,Estadio Azteca,Mexico City,,Full-time,2-0,,43911,img.fifa.com/images/flags/4/mex.png,Mexico,MEX,43936,img.fifa.com/images/flags/4/bul.png,Bulgaria,BUL,2,0,,,,,mexico1986,1986-06-15 00:00:00,12:00
398,1986-06-16T16:00Z,Match 39,Round of 16,Cuauhtemoc,Puebla,,Full-time,1-0,,43922,img.fifa.com/images/flags/4/arg.png,Argentina,ARG,43930,img.fifa.com/images/flags/4/uru.png,Uruguay,URU,1,0,,,,,mexico1986,1986-06-16 00:00:00,16:00
444,1986-06-16T12:00Z,Match 40,Round of 16,Jalisco,Guadalajara,,Full-time,4-0,,43924,img.fifa.com/images/flags/4/bra.png,Brazil,BRA,43962,img.fifa.com/images/flags/4/pol.png,Poland,POL,4,0,,,,,mexico1986,1986-06-16 00:00:00,12:00
568,1986-06-17T12:00Z,Match 41,Round of 16,Estadio OlÃ­mpico Universitario,Mexico City,,Full-time,0-2,,43954,img.fifa.com/images/flags/4/ita.png,Italy,ITA,43946,img.fifa.com/images/flags/4/fra.png,France,FRA,0,2,,,,,mexico1986,1986-06-17 00:00:00,12:00
574,1986-06-17T16:00Z,Match 42,Round of 16,Estadio Universitario,Monterrey,,Full-time,0-1,,43872,img.fifa.com/images/flags/4/mar.png,Morocco,MAR,44023,img.fifa.com/images/flags/4/frg.png,Germany FR,FRG,0,1,,,,,mexico1986,1986-06-17 00:00:00,16:00
536,1986-06-18T12:00Z,Match 43,Round of 16,Estadio Azteca,Mexico City,,Full-time,3-0,,43942,img.fifa.com/images/flags/4/eng.png,England,ENG,43928,img.fifa.com/images/flags/4/par.png,Paraguay,PAR,3,0,,,,,mexico1986,1986-06-18 00:00:00,12:00
511,1986-06-18T16:00Z,Match 44,Round of 16,Estadio Corregidora,Queretaro,,Full-time,1-5,,43941,img.fifa.com/images/flags/4/den.png,Denmark,DEN,43969,img.fifa.com/images/flags/4/esp.png,Spain,ESP,1,5,,,,,mexico1986,1986-06-18 00:00:00,16:00
440,1986-06-21T12:00Z,Match 45,Quarter-finals,Jalisco,Guadalajara,,Full-time,1-1,France win on penalties (3 - 4),43924,img.fifa.com/images/flags/4/bra.png,Brazil,BRA,43946,img.fifa.com/images/flags/4/fra.png,France,FRA,1,1,,,3,4,mexico1986,1986-06-21 00:00:00,12:00
575,1986-06-21T16:00Z,Match 46,Quarter-finals,Estadio Universitario,Monterrey,,Full-time,0-0,Germany FR win on penalties (4 - 1),44023,img.fifa.com/images/flags/4/frg.png,Germany FR,FRG,43911,img.fifa.com/images/flags/4/mex.png,Mexico,MEX,0,0,,,4,1,mexico1986,1986-06-21 00:00:00,16:00
421,1986-06-22T16:00Z,Match 47,Quarter-finals,Cuauhtemoc,Puebla,,Full-time,1-1,Belgium win on penalties (4 - 5),43969,img.fifa.com/images/flags/4/esp.png,Spain,ESP,43935,img.fifa.com/images/flags/4/bel.png,Belgium,BEL,1,1,,,4,5,mexico1986,1986-06-22 00:00:00,16:00
392,1986-06-22T12:00Z,Match 48,Quarter-finals,Estadio Azteca,Mexico City,,Full-time,2-1,,43922,img.fifa.com/images/flags/4/arg.png,Argentina,ARG,43942,img.fifa.com/images/flags/4/eng.png,England,ENG,2,1,,,,,mexico1986,1986-06-22 00:00:00,12:00
564,1986-06-25T12:00Z,Match 50,Semi-finals,Jalisco,Guadalajara,,Full-time,0-2,,43946,img.fifa.com/images/flags/4/fra.png,France,FRA,44023,img.fifa.com/images/flags/4/frg.png,Germany FR,FRG,0,2,,,,,mexico1986,1986-06-25 00:00:00,12:00
388,1986-06-25T16:00Z,Match 49,Semi-finals,Estadio Azteca,Mexico City,,Full-time,2-0,,43922,img.fifa.com/images/flags/4/arg.png,Argentina,ARG,43935,img.fifa.com/images/flags/4/bel.png,Belgium,BEL,2,0,,,,,mexico1986,1986-06-25 00:00:00,16:00
422,1986-06-28T12:00Z,Match 51,Match for third place,Cuauhtemoc,Puebla,,Full-time,4-2,France win after extra time,43946,img.fifa.com/images/flags/4/fra.png,France,FRA,43935,img.fifa.com/images/flags/4/bel.png,Belgium,BEL,4,2,4,2,,,mexico1986,1986-06-28 00:00:00,12:00
393,1986-06-29T12:00Z,Match 52,Final,Estadio Azteca,Mexico City,,Full-time,3-2,,43922,img.fifa.com/images/flags/4/arg.png,Argentina,ARG,44023,img.fifa.com/images/flags/4/frg.png,Germany FR,FRG,3,2,,,,,mexico1986,1986-06-29 00:00:00,12:00
1165,1938-06-04T17:00Z,Match 1,First round,Parc des Princes,Paris,,Full-time,1-1,,43971,img.fifa.com/images/flags/4/sui.png,Switzerland,SUI,43948,img.fifa.com/images/flags/4/ger.png,Germany,GER,1,1,,,,,france1938,1938-06-04 00:00:00,17:00
173,1938-06-05T17:00Z,Match 2,First round,Velodrome Municipale,Reims,,Full-time,6-0,,43950,img.fifa.com/images/flags/4/hun.png,Hungary,HUN,44031,img.fifa.com/images/flags/4/inh.png,Dutch East Indies,INH,6,0,,,,,france1938,1938-06-05 00:00:00,17:00
1146,1938-06-05T17:00Z,Match 3,First round,Stade Olympique,Colombes,,Full-time,3-1,,43946,img.fifa.com/images/flags/4/fra.png,France,FRA,43935,img.fifa.com/images/flags/4/bel.png,Belgium,BEL,3,1,,,,,france1938,1938-06-05 00:00:00,17:00
1156,1938-06-05T17:00Z,Match 4,First round,Stade Municipal,Toulouse,,Full-time,3-3,,43902,img.fifa.com/images/flags/4/cub.png,Cuba,CUB,43964,img.fifa.com/images/flags/4/rou.png,Romania,ROU,3,3,,,,,france1938,1938-06-05 00:00:00,17:00
1179,1938-06-05T17:00Z,Match 5,First round,Stade VÃ©lodrome,Marseilles,,Full-time,2-1,Italy win after extra time,43954,img.fifa.com/images/flags/4/ita.png,Italy,ITA,43961,img.fifa.com/images/flags/4/nor.png,Norway,NOR,2,1,2,1,,,france1938,1938-06-05 00:00:00,17:00
1150,1938-06-05T17:30Z,Match 6,First round,Stade de la Meinau,Strasbourg,,Full-time,6-5,Brazil win after extra time,43924,img.fifa.com/images/flags/4/bra.png,Brazil,BRA,43962,img.fifa.com/images/flags/4/pol.png,Poland,POL,6,5,6,5,,,france1938,1938-06-05 00:00:00,17:30
1172,1938-06-05T18:30Z,Match 7,First round,Cavee Verte,Le Havre,,Full-time,3-0,Czechoslovakia win after extra time,44025,img.fifa.com/images/flags/4/tch.png,Netherlands,NED,<div clas,,,,3,0,3,0,,,france1938,1938-06-05 00:00:00,18:30
1157,1938-06-09T18:00Z,Match 8,First round,Stade Municipal,Toulouse,,Full-time,2-1,,43902,img.fifa.com/images/flags/4/cub.png,Cuba,CUB,43964,img.fifa.com/images/flags/4/rou.png,Romania,ROU,2,1,,,,,france1938,1938-06-09 00:00:00,18:00
1166,1938-06-09T18:00Z,Match 9,First round,Parc des Princes,Paris,,Full-time,4-2,,43971,img.fifa.com/images/flags/4/sui.png,Switzerland,SUI,43948,img.fifa.com/images/flags/4/ger.png,Germany,GER,4,2,,,,,france1938,1938-06-09 00:00:00,18:00
1152,1938-06-12T17:00Z,Match 10,Quarter-finals,Stade du Parc Lescure,Bordeaux,,Full-time,1-1,,43924,img.fifa.com/images/flags/4/bra.png,Brazil,BRA,44025,img.fifa.com/images/flags/4/tch.png,"ags/4/tch.png"" alt=""Czechoslovakia"" title=""Czechoslovakia"" class=""TCH i-4-flag flag"" />",TCH,1,1,,,,,france1938,1938-06-12 00:00:00,17:00
1175,1938-06-12T17:00Z,Match 11,Quarter-finals,Victor Boucquey,Lille,,Full-time,2-0,,43950,img.fifa.com/images/flags/4/hun.png,Hungary,HUN,43971,img.fifa.com/images/flags/4/sui.png,Switzerland,SUI,2,0,,,,,france1938,1938-06-12 00:00:00,17:00
1158,1938-06-12T17:00Z,Match 12,Quarter-finals,Fort Carree,Antibes,,Full-time,8-0,,43970,img.fifa.com/images/flags/4/swe.png,Sweden,SWE,43902,img.fifa.com/images/flags/4/cub.png,Cuba,CUB,8,0,,,,,france1938,1938-06-12 00:00:00,17:00
1164,1938-06-12T17:00Z,Match 13,Quarter-finals,Stade Olympique,Colombes,,Full-time,3-1,,43954,img.fifa.com/images/flags/4/ita.png,Italy,ITA,43946,img.fifa.com/images/flags/4/fra.png,France,FRA,3,1,,,,,france1938,1938-06-12 00:00:00,17:00
1153,1938-06-14T18:00Z,Match 14,Quarter-finals,Stade du Parc Lescure,Bordeaux,,Full-time,2-1,,43924,img.fifa.com/images/flags/4/bra.png,Brazil,BRA,44025,img.fifa.com/images/flags/4/tch.png,"ags/4/tch.png"" alt=""Czechoslovakia"" title=""Czechoslovakia"" class=""TCH i-4-flag flag"" />",TCH,2,1,,,,,france1938,1938-06-14 00:00:00,18:00
1176,1938-06-16T18:00Z,Match 15,Semi-finals,Parc des Princes,Paris,,Full-time,5-1,,43950,img.fifa.com/images/flags/4/hun.png,Hungary,HUN,43970,img.fifa.com/images/flags/4/swe.png,Sweden,SWE,5,1,,,,,france1938,1938-06-16 00:00:00,18:00
1149,1938-06-16T18:00Z,Match 16,Semi-finals,Orange VÃ©lodrome,Marseilles,,Full-time,2-1,,43954,img.fifa.com/images/flags/4/ita.png,Italy,ITA,43924,img.fifa.com/images/flags/4/bra.png,Brazil,BRA,2,1,,,,,france1938,1938-06-16 00:00:00,18:00
1151,1938-06-19T17:00Z,Match 17,Match for third place,Stade du Parc Lescure,Bordeaux,,Full-time,4-2,,43924,img.fifa.com/images/flags/4/bra.png,Brazil,BRA,43970,img.fifa.com/images/flags/4/swe.png,Sweden,SWE,4,2,,,,,france1938,1938-06-19 00:00:00,17:00
1174,1938-06-19T17:00Z,Match 18,Final,Stade Olympique,Colombes,,Full-time,4-2,,43954,img.fifa.com/images/flags/4/ita.png,Italy,ITA,43950,img.fifa.com/images/flags/4/hun.png,Hungary,HUN,4,2,,,,,france1938,1938-06-19 00:00:00,17:00
